﻿<?xml version="1.0" encoding="utf-8"?>
<deployment>
  <id>7516255696ff14c28b44b9014f773cc03db7b8581769309067827</id>
  <author>marcojm0690</author>
  <deployer>GitHub</deployer>
  <authorEmail />
  <message>{"type":"Deployment","sha":"7516255696ff14c28b44b9014f773cc03db7b858","repoName":"marcojm0690/Library","actor":"marcojm0690","slotName":"production"}</message>
  <progress />
  <status>Success</status>
  <statusText />
  <lastSuccessEndTime>2026-01-25T02:45:07.0467164Z</lastSuccessEndTime>
  <receivedTime>2026-01-25T02:45:07.0467164Z</receivedTime>
  <startTime>2026-01-25T02:45:07.0467164Z</startTime>
  <endTime>2026-01-25T02:45:07.0467164Z</endTime>
  <complete>True</complete>
  <is_temp>False</is_temp>
  <is_readonly>True</is_readonly>
  <buildSummary />
</deployment>