﻿<?xml version="1.0" encoding="utf-8"?>
<deployment>
  <id>03e2d21d13cd90f8fd35aa31e8b826f6841a54d61769297465087</id>
  <author>marcojm0690</author>
  <deployer>GitHub</deployer>
  <authorEmail />
  <message>{"type":"Deployment","sha":"03e2d21d13cd90f8fd35aa31e8b826f6841a54d6","repoName":"marcojm0690/Library","actor":"marcojm0690","slotName":"production"}</message>
  <progress />
  <status>Success</status>
  <statusText />
  <lastSuccessEndTime>2026-01-24T23:31:30.1156112Z</lastSuccessEndTime>
  <receivedTime>2026-01-24T23:31:30.1156112Z</receivedTime>
  <startTime>2026-01-24T23:31:30.1156112Z</startTime>
  <endTime>2026-01-24T23:31:30.1156112Z</endTime>
  <complete>True</complete>
  <is_temp>False</is_temp>
  <is_readonly>True</is_readonly>
  <buildSummary />
</deployment>