﻿<?xml version="1.0" encoding="utf-8"?>
<deployment>
  <id>bec8dd8c987df13919aee9897e35acf200ddbf901769289311211</id>
  <author>marcojm0690</author>
  <deployer>GitHub</deployer>
  <authorEmail />
  <message>{"type":"Deployment","sha":"bec8dd8c987df13919aee9897e35acf200ddbf90","repoName":"marcojm0690/Library","actor":"marcojm0690","slotName":"production"}</message>
  <progress />
  <status>Success</status>
  <statusText />
  <lastSuccessEndTime>2026-01-24T21:15:56.489945Z</lastSuccessEndTime>
  <receivedTime>2026-01-24T21:15:56.489945Z</receivedTime>
  <startTime>2026-01-24T21:15:56.489945Z</startTime>
  <endTime>2026-01-24T21:15:56.489945Z</endTime>
  <complete>True</complete>
  <is_temp>False</is_temp>
  <is_readonly>True</is_readonly>
  <buildSummary />
</deployment>