﻿<?xml version="1.0" encoding="utf-8"?>
<deployment>
  <id>a9a4bc5cdd395b05ff5dc9944cc4942b0e66dea51769303397977</id>
  <author>marcojm0690</author>
  <deployer>GitHub</deployer>
  <authorEmail />
  <message>{"type":"Deployment","sha":"a9a4bc5cdd395b05ff5dc9944cc4942b0e66dea5","repoName":"marcojm0690/Library","actor":"marcojm0690","slotName":"production"}</message>
  <progress />
  <status>Success</status>
  <statusText />
  <lastSuccessEndTime>2026-01-25T01:10:50.1779696Z</lastSuccessEndTime>
  <receivedTime>2026-01-25T01:10:50.1779696Z</receivedTime>
  <startTime>2026-01-25T01:10:50.1779696Z</startTime>
  <endTime>2026-01-25T01:10:50.1779696Z</endTime>
  <complete>True</complete>
  <is_temp>False</is_temp>
  <is_readonly>True</is_readonly>
  <buildSummary />
</deployment>