﻿<?xml version="1.0" encoding="utf-8"?>
<deployment>
  <id>43a75617b5aedbeca46e3d0eec7b34e869f425121769296981164</id>
  <author>marcojm0690</author>
  <deployer>GitHub</deployer>
  <authorEmail />
  <message>{"type":"Deployment","sha":"43a75617b5aedbeca46e3d0eec7b34e869f42512","repoName":"marcojm0690/Library","actor":"marcojm0690","slotName":"production"}</message>
  <progress />
  <status>Success</status>
  <statusText />
  <lastSuccessEndTime>2026-01-24T23:23:25.6325093Z</lastSuccessEndTime>
  <receivedTime>2026-01-24T23:23:25.6325093Z</receivedTime>
  <startTime>2026-01-24T23:23:25.6325093Z</startTime>
  <endTime>2026-01-24T23:23:25.6325093Z</endTime>
  <complete>True</complete>
  <is_temp>False</is_temp>
  <is_readonly>True</is_readonly>
  <buildSummary />
</deployment>