﻿<?xml version="1.0" encoding="utf-8"?>
<deployment>
  <id>cbf9912234927d0b9de35480ea419618050cac011769294868646</id>
  <author>marcojm0690</author>
  <deployer>GitHub</deployer>
  <authorEmail />
  <message>{"type":"Deployment","sha":"cbf9912234927d0b9de35480ea419618050cac01","repoName":"marcojm0690/Library","actor":"marcojm0690","slotName":"production"}</message>
  <progress />
  <status>Success</status>
  <statusText />
  <lastSuccessEndTime>2026-01-24T22:48:14.3183334Z</lastSuccessEndTime>
  <receivedTime>2026-01-24T22:48:14.3183334Z</receivedTime>
  <startTime>2026-01-24T22:48:14.3183334Z</startTime>
  <endTime>2026-01-24T22:48:14.3183334Z</endTime>
  <complete>True</complete>
  <is_temp>False</is_temp>
  <is_readonly>True</is_readonly>
  <buildSummary />
</deployment>