﻿<?xml version="1.0" encoding="utf-8"?>
<deployment>
  <id>b47baf142f1e2974fdc991d5c3030e4eef470da71769300728137</id>
  <author>marcojm0690</author>
  <deployer>GitHub</deployer>
  <authorEmail />
  <message>{"type":"Deployment","sha":"b47baf142f1e2974fdc991d5c3030e4eef470da7","repoName":"marcojm0690/Library","actor":"marcojm0690","slotName":"production"}</message>
  <progress />
  <status>Success</status>
  <statusText />
  <lastSuccessEndTime>2026-01-25T00:26:17.8486187Z</lastSuccessEndTime>
  <receivedTime>2026-01-25T00:26:17.8486187Z</receivedTime>
  <startTime>2026-01-25T00:26:17.8486187Z</startTime>
  <endTime>2026-01-25T00:26:17.8486187Z</endTime>
  <complete>True</complete>
  <is_temp>False</is_temp>
  <is_readonly>True</is_readonly>
  <buildSummary />
</deployment>