<step title="Incoming Request" date="2026-01-25T02:39:47.926" instance="b131c1" url="/api/publish?type=zip" method="POST" type="request" pid="770,1,7" Accept="*/*" Host="virtual-library-api-web.scm.azurewebsites.net" User-Agent="AZURECLI/2.82.0 (HOMEBREW)" Accept-Encoding="gzip, deflate" Authorization="Bas..." Cache-Control="no-cache" Content-Type="application/octet-stream" Cookie="ARRAffinity=b131c1161515b0f07fe27325a16adfb3dab9931698e9bfe139ca212d91de9409; ARRAffinitySameSite=b131c1161515b0f07fe27325a16adfb3dab9931698e9bfe139ca212d91de9409" Content-Length="20215425" x-ms-client-request-id="16b8a12a-f997-11f0-a6ef-acde48001122" x-ms-artifact-checksum="25ff05444b13982e884f3c7542a1d33b117f55284bb769bd4c95c3449270280c" X-ARR-LOG-ID="16b8a12a-f997-11f0-a6ef-acde48001122" CLIENT-IP="143.255.29.177:56211" X-SITE-DEPLOYMENT-ID="virtual-library-api-web" WAS-DEFAULT-HOSTNAME="virtual-library-api-web.scm.azurewebsites.net" X-Forwarded-Proto="https" X-AppService-Proto="https" X-Forwarded-TlsVersion="1.3" X-WAWS-Unencoded-URL="/api/publish?type=zip" X-Client-IP="143.255.29.177" X-Client-Port="56211" >
  <step title="Cleanup Xml Logs" date="2026-01-25T02:39:47.932" /><!-- duration: 16ms -->
  <step title="OneDeploy" date="2026-01-25T02:39:48.100" >
    <step title="None repository commit" date="2026-01-25T02:39:48.118" >
      <step title="Commit id: 7857ed7d-12f2-434d-ad35-5c9bf370f0c4" date="2026-01-25T02:39:48.123" Message="N/A" AuthorName="N/A" AuthorEmail="N/A" /><!-- duration: 5ms -->
    </step><!-- duration: 16ms -->
    <step title="Starting PushDeployAsync" date="2026-01-25T02:39:48.138" /><!-- duration: 4ms -->
    <step title="Writing artifact to /tmp/zipdeploy/cc5233b1-7db6-495b-a618-f36d9f14c13b.zip" date="2026-01-25T02:39:48.179" >
      <step title="Writing multipart request body to /tmp/zipdeploy/cc5233b1-7db6-495b-a618-f36d9f14c13b.zip" date="2026-01-25T02:39:48.184" /><!-- duration: 7ms -->
    </step><!-- duration: 1304ms -->
    <step title="Attempting to fetch target branch HEAD" date="2026-01-25T02:39:49.500" /><!-- duration: 4ms -->
    <step title="Acquiring Deployment Lock" date="2026-01-25T02:39:49.509" /><!-- duration: 6ms -->
    <step title="Acquired Deployment Lock" date="2026-01-25T02:39:49.565" /><!-- duration: 4ms -->
    <step title="Performing fetch based deployment" date="2026-01-25T02:39:49.582" >
      <step title="Creating temporary deployment" date="2026-01-25T02:39:49.588" /><!-- duration: 77ms -->
      <step title="Releasing Deployment Lock" date="2026-01-25T02:39:50.872" /><!-- duration: 30ms -->
      <step title="Cleaning up temp folders from previous zip deployments and extracting pushed zip file /tmp/zipdeploy/cc5233b1-7db6-495b-a618-f36d9f14c13b.zip (19.28 MB) to /tmp/zipdeploy/extracted" date="2026-01-25T02:39:51.042" >
        <step title="ChmodRecursive Process exited with total time taken in ms: 87" date="2026-01-25T02:39:51.936" /><!-- duration: 22ms -->
      </step><!-- duration: 924ms -->
      <step title="None repository commit" date="2026-01-25T02:39:51.978" >
        <step title="Commit id: 7857ed7d-12f2-434d-ad35-5c9bf370f0c4" date="2026-01-25T02:39:51.986" Message="OneDeploy" AuthorName="N/A" AuthorEmail="N/A" /><!-- duration: 7ms -->
      </step><!-- duration: 20ms -->
      <step title="Deployment timer started" date="2026-01-25T02:39:54.004" >
        <step title="DeploymentManager.Deploy(id:7857ed7d-12f2-434d-ad35-5c9bf370f0c4)" date="2026-01-25T02:39:54.011" >
          <step title="Collecting changeset information" date="2026-01-25T02:39:54.041" /><!-- duration: 92ms -->
          <step title="Updating submodules" date="2026-01-25T02:39:54.140" /><!-- duration: 1143ms -->
          <step title="Determining deployment builder" date="2026-01-25T02:39:55.532" >
            <step title="Builder is OneDeployBuilder" date="2026-01-25T02:39:55.549" /><!-- duration: 4ms -->
          </step><!-- duration: 26ms -->
          <step title="PreDeployment: context.CleanOutputPath False" date="2026-01-25T02:39:55.620" >
            <step title="PreDeployment: context.OutputPath /home/site/wwwroot" date="2026-01-25T02:39:55.759" >
              <step title="Building" date="2026-01-25T02:39:55.923" >
                <step title="Executing external process" date="2026-01-25T02:39:56.493" type="process" path="starter.sh" arguments="/opt/Kudu/Scripts/parallel_rsync.sh /tmp/zipdeploy/extracted /home/site/wwwroot 8 /tmp/ False False  " /><!-- duration: 6775ms -->
                <step title="Modified file to trigger a restart of the app container." date="2026-01-25T02:40:04.220" /><!-- duration: 13ms -->
                <step title="Skip function trigger and logicapp sync because function is not enabled." date="2026-01-25T02:40:04.272" /><!-- duration: 41ms -->
                <step title="Purge deployment items" date="2026-01-25T02:40:07.043" >
                  <step title="Remove b9c2a3b04, Success, received at 01/24/2026 20:59:43" date="2026-01-25T02:40:07.106" /><!-- duration: 4ms -->
                  <step title="Remove 272c2a9fe, Success, received at 01/24/2026 19:39:31" date="2026-01-25T02:40:07.167" /><!-- duration: 4ms -->
                  <step title="Remove d8e99f4cb, Success, received at 01/24/2026 19:17:46" date="2026-01-25T02:40:07.231" /><!-- duration: 4ms -->
                  <step title="Remove 401eeff52, Success, received at 01/24/2026 19:16:08" date="2026-01-25T02:40:07.297" /><!-- duration: 4ms -->
                  <step title="Remove 61d1a5d62, Success, received at 01/24/2026 04:47:06" date="2026-01-25T02:40:07.358" /><!-- duration: 4ms -->
                  <step title="Remove 898e0c9e9, Success, received at 01/24/2026 04:47:06" date="2026-01-25T02:40:07.423" /><!-- duration: 4ms -->
                  <step title="Remove f613a8b92, Success, received at 01/24/2026 04:17:12" date="2026-01-25T02:40:07.492" /><!-- duration: 4ms -->
                  <step title="Remove fbc6483e8, Success, received at 01/24/2026 04:13:22" date="2026-01-25T02:40:07.550" /><!-- duration: 4ms -->
                  <step title="Remove 2c85d0620, Success, received at 01/24/2026 03:23:03" date="2026-01-25T02:40:07.608" /><!-- duration: 4ms -->
                  <step title="Remove 67bcce097, Success, received at 01/24/2026 03:15:22" date="2026-01-25T02:40:07.670" /><!-- duration: 4ms -->
                  <step title="Remove 31ce47d0d, Success, received at 01/24/2026 02:57:50" date="2026-01-25T02:40:07.728" /><!-- duration: 4ms -->
                  <step title="Remove fc12a7e1e, Success, received at 01/24/2026 02:57:50" date="2026-01-25T02:40:07.804" /><!-- duration: 4ms -->
                  <step title="Remove ed2cd895-, Success, received at 01/24/2026 02:47:57" date="2026-01-25T02:40:07.864" /><!-- duration: 4ms -->
                  <step title="Remove d5d7f1d0d, Success, received at 01/21/2026 02:15:26" date="2026-01-25T02:40:07.933" /><!-- duration: 4ms -->
                  <step title="Remove 1090ff88c, Success, received at 01/21/2026 01:39:21" date="2026-01-25T02:40:07.990" /><!-- duration: 4ms -->
                  <step title="Remove fced74d37, Success, received at 01/21/2026 01:38:38" date="2026-01-25T02:40:08.046" /><!-- duration: 4ms -->
                  <step title="Remove 5e7421746, Success, received at 01/21/2026 01:32:54" date="2026-01-25T02:40:08.113" /><!-- duration: 4ms -->
                  <step title="Remove 10941c242, Success, received at 01/21/2026 00:34:05" date="2026-01-25T02:40:08.184" /><!-- duration: 4ms -->
                  <step title="Remove 31337b6e0, Success, received at 01/20/2026 02:43:46" date="2026-01-25T02:40:08.243" /><!-- duration: 4ms -->
                  <step title="Remove fbf54e0d0, Success, received at 01/20/2026 02:42:10" date="2026-01-25T02:40:08.301" /><!-- duration: 4ms -->
                  <step title="Remove ed21bef71, Success, received at 01/20/2026 02:34:39" date="2026-01-25T02:40:08.359" /><!-- duration: 4ms -->
                  <step title="Remove 8d790580b, Success, received at 01/20/2026 02:11:57" date="2026-01-25T02:40:08.418" /><!-- duration: 4ms -->
                </step><!-- duration: 1383ms -->
              </step><!-- duration: 12568ms -->
            </step><!-- duration: 12743ms -->
            <step title="Cleaning up temp files" date="2026-01-25T02:40:08.506" /><!-- duration: 5ms -->
            <step title="Cleaning up temp files" date="2026-01-25T02:40:08.523" /><!-- duration: 517ms -->
            <step title="Reloading status file with latest updates" date="2026-01-25T02:40:09.091" >
              <step title="WebHooksManager.PublishEventAsync: PostDeployment" date="2026-01-25T02:40:09.100" /><!-- duration: 93ms -->
            </step><!-- duration: 106ms -->
            <step title="Cleaning up temporary deployment - fetch deployment was successful" date="2026-01-25T02:40:09.203" /><!-- duration: 4ms -->
          </step><!-- duration: 13659ms -->
        </step><!-- duration: 15275ms -->
        <step title="Outgoing response" date="2026-01-25T02:40:09.296" type="response" statusCode="200" statusText="OK" /><!-- duration: 11ms -->
      </step><!-- duration: 15308ms -->
