﻿<?xml version="1.0" encoding="utf-8"?>
<deployment>
  <id>7857ed7d-12f2-434d-ad35-5c9bf370f0c4</id>
  <author>N/A</author>
  <deployer>OneDeploy</deployer>
  <authorEmail>N/A</authorEmail>
  <message>OneDeploy</message>
  <progress></progress>
  <status>Success</status>
  <statusText></statusText>
  <lastSuccessEndTime>2026-01-25T02:40:04.9056172Z</lastSuccessEndTime>
  <receivedTime>2026-01-25T02:39:54.0736826Z</receivedTime>
  <startTime>2026-01-25T02:39:55.4621142Z</startTime>
  <endTime>2026-01-25T02:40:04.9056172Z</endTime>
  <complete>True</complete>
  <is_temp>False</is_temp>
  <is_readonly>True</is_readonly>
  <buildSummary />
</deployment>