<step title="Incoming Request" date="2026-01-24T02:47:51.151" instance="b131c1" url="/api/publish?type=zip" method="POST" type="request" pid="772,1,39" Accept="*/*" Host="virtual-library-api-web.scm.azurewebsites.net" User-Agent="AZURECLI/2.82.0 (HOMEBREW)" Accept-Encoding="gzip, deflate" Authorization="Bas..." Cache-Control="no-cache" Content-Type="application/octet-stream" Cookie="ARRAffinity=b131c1161515b0f07fe27325a16adfb3dab9931698e9bfe139ca212d91de9409; ARRAffinitySameSite=b131c1161515b0f07fe27325a16adfb3dab9931698e9bfe139ca212d91de9409" Content-Length="19698255" x-ms-client-request-id="092e1f76-f8cf-11f0-8e1d-acde48001122" x-ms-artifact-checksum="4650e7f4cb3ab064843b67b52ec02372b7590111cd3883e6f15df2e063bffdc5" X-ARR-LOG-ID="092e1f76-f8cf-11f0-8e1d-acde48001122" CLIENT-IP="143.255.29.177:64583" X-SITE-DEPLOYMENT-ID="virtual-library-api-web" WAS-DEFAULT-HOSTNAME="virtual-library-api-web.scm.azurewebsites.net" X-Forwarded-Proto="https" X-AppService-Proto="https" X-Forwarded-TlsVersion="1.3" X-WAWS-Unencoded-URL="/api/publish?type=zip" X-Client-IP="143.255.29.177" X-Client-Port="64583" >
  <step title="Cleanup Xml Logs" date="2026-01-24T02:47:51.154" /><!-- duration: 8ms -->
  <step title="OneDeploy" date="2026-01-24T02:47:51.319" >
    <step title="None repository commit" date="2026-01-24T02:47:51.338" >
      <step title="Commit id: ed2cd895-1f5d-4200-bc62-c65cdae6d059" date="2026-01-24T02:47:51.342" Message="N/A" AuthorName="N/A" AuthorEmail="N/A" /><!-- duration: 5ms -->
    </step><!-- duration: 12ms -->
    <step title="Starting PushDeployAsync" date="2026-01-24T02:47:51.355" /><!-- duration: 4ms -->
    <step title="Writing artifact to /tmp/zipdeploy/a0ce1b91-2a8e-47d2-bbc2-eab86c86bcef.zip" date="2026-01-24T02:47:51.408" >
      <step title="Writing multipart request body to /tmp/zipdeploy/a0ce1b91-2a8e-47d2-bbc2-eab86c86bcef.zip" date="2026-01-24T02:47:51.417" /><!-- duration: 5ms -->
    </step><!-- duration: 1795ms -->
    <step title="Attempting to fetch target branch HEAD" date="2026-01-24T02:47:53.225" /><!-- duration: 3ms -->
    <step title="Acquiring Deployment Lock" date="2026-01-24T02:47:53.233" /><!-- duration: 10ms -->
    <step title="Acquired Deployment Lock" date="2026-01-24T02:47:53.305" /><!-- duration: 3ms -->
    <step title="Performing fetch based deployment" date="2026-01-24T02:47:53.317" >
      <step title="Creating temporary deployment" date="2026-01-24T02:47:53.322" /><!-- duration: 68ms -->
      <step title="Releasing Deployment Lock" date="2026-01-24T02:47:54.571" /><!-- duration: 9ms -->
      <step title="Cleaning up temp folders from previous zip deployments and extracting pushed zip file /tmp/zipdeploy/a0ce1b91-2a8e-47d2-bbc2-eab86c86bcef.zip (18.79 MB) to /tmp/zipdeploy/extracted" date="2026-01-24T02:47:54.641" >
        <step title="ChmodRecursive Process exited with total time taken in ms: 220" date="2026-01-24T02:47:55.725" /><!-- duration: 5ms -->
      </step><!-- duration: 1093ms -->
      <step title="None repository commit" date="2026-01-24T02:47:55.743" >
        <step title="Commit id: ed2cd895-1f5d-4200-bc62-c65cdae6d059" date="2026-01-24T02:47:55.755" Message="OneDeploy" AuthorName="N/A" AuthorEmail="N/A" /><!-- duration: 3ms -->
      </step><!-- duration: 18ms -->
      <step title="Deployment timer started" date="2026-01-24T02:47:57.779" >
        <step title="DeploymentManager.Deploy(id:ed2cd895-1f5d-4200-bc62-c65cdae6d059)" date="2026-01-24T02:47:57.838" >
          <step title="Collecting changeset information" date="2026-01-24T02:47:57.867" /><!-- duration: 123ms -->
          <step title="Updating submodules" date="2026-01-24T02:47:57.995" /><!-- duration: 1172ms -->
          <step title="Determining deployment builder" date="2026-01-24T02:47:59.420" >
            <step title="Builder is OneDeployBuilder" date="2026-01-24T02:47:59.438" /><!-- duration: 5ms -->
          </step><!-- duration: 27ms -->
          <step title="PreDeployment: context.CleanOutputPath False" date="2026-01-24T02:47:59.495" >
            <step title="PreDeployment: context.OutputPath /home/site/wwwroot" date="2026-01-24T02:47:59.642" >
              <step title="Building" date="2026-01-24T02:47:59.852" >
                <step title="Executing external process" date="2026-01-24T02:48:00.429" type="process" path="starter.sh" arguments="/opt/Kudu/Scripts/parallel_rsync.sh /tmp/zipdeploy/extracted /home/site/wwwroot 8 /tmp/ False False  " /><!-- duration: 10483ms -->
                <step title="Modified file to trigger a restart of the app container." date="2026-01-24T02:48:11.411" /><!-- duration: 3ms -->
                <step title="Skip function trigger and logicapp sync because function is not enabled." date="2026-01-24T02:48:11.431" /><!-- duration: 25ms -->
                <step title="Purge deployment items" date="2026-01-24T02:48:13.387" >
                  <step title="Remove 6a6ec0ed5, Success, received at 01/20/2026 02:02:51" date="2026-01-24T02:48:13.504" /><!-- duration: 4ms -->
                  <step title="Remove eb3912731, Success, received at 01/20/2026 01:33:30" date="2026-01-24T02:48:13.565" /><!-- duration: 3ms -->
                  <step title="Remove b3c9ead48, Success, received at 01/20/2026 01:19:08" date="2026-01-24T02:48:13.625" /><!-- duration: 3ms -->
                  <step title="Remove 2cd23e6e2, Success, received at 01/20/2026 00:39:38" date="2026-01-24T02:48:13.687" /><!-- duration: 3ms -->
                  <step title="Remove 1ac0b6c41, Success, received at 01/19/2026 04:19:41" date="2026-01-24T02:48:13.783" /><!-- duration: 4ms -->
                  <step title="Remove c07e349e7, Success, received at 01/19/2026 04:13:27" date="2026-01-24T02:48:13.931" /><!-- duration: 3ms -->
                  <step title="Remove a36ac5980, Success, received at 01/19/2026 03:39:06" date="2026-01-24T02:48:14.010" /><!-- duration: 3ms -->
                  <step title="Remove 1ddd7745b, Success, received at 01/19/2026 03:39:06" date="2026-01-24T02:48:14.102" /><!-- duration: 4ms -->
                </step><!-- duration: 721ms -->
              </step><!-- duration: 14329ms -->
            </step><!-- duration: 14566ms -->
            <step title="Cleaning up temp files" date="2026-01-24T02:48:14.232" /><!-- duration: 10ms -->
            <step title="Cleaning up temp files" date="2026-01-24T02:48:14.246" /><!-- duration: 508ms -->
            <step title="Reloading status file with latest updates" date="2026-01-24T02:48:14.814" >
              <step title="WebHooksManager.PublishEventAsync: PostDeployment" date="2026-01-24T02:48:14.840" /><!-- duration: 111ms -->
            </step><!-- duration: 140ms -->
            <step title="Cleaning up temporary deployment - fetch deployment was successful" date="2026-01-24T02:48:14.960" /><!-- duration: 3ms -->
          </step><!-- duration: 15551ms -->
        </step><!-- duration: 17216ms -->
        <step title="Outgoing response" date="2026-01-24T02:48:15.065" type="response" statusCode="200" statusText="OK" /><!-- duration: 7ms -->
      </step><!-- duration: 17300ms -->
