﻿<?xml version="1.0" encoding="utf-8"?>
<deployment>
  <id>731f27f1a4ca2d481ee468206a5a458e4e6f5a681769304529507</id>
  <author>marcojm0690</author>
  <deployer>GitHub</deployer>
  <authorEmail />
  <message>{"type":"Deployment","sha":"731f27f1a4ca2d481ee468206a5a458e4e6f5a68","repoName":"marcojm0690/Library","actor":"marcojm0690","slotName":"production"}</message>
  <progress />
  <status>Success</status>
  <statusText />
  <lastSuccessEndTime>2026-01-25T01:29:11.793887Z</lastSuccessEndTime>
  <receivedTime>2026-01-25T01:29:11.793887Z</receivedTime>
  <startTime>2026-01-25T01:29:11.793887Z</startTime>
  <endTime>2026-01-25T01:29:11.793887Z</endTime>
  <complete>True</complete>
  <is_temp>False</is_temp>
  <is_readonly>True</is_readonly>
  <buildSummary />
</deployment>