﻿<?xml version="1.0" encoding="utf-8"?>
<deployment>
  <id>fb95a908d45fc49bd061918b1d0267ac529c01b11769309209672</id>
  <author>marcojm0690</author>
  <deployer>GitHub</deployer>
  <authorEmail />
  <message>{"type":"Deployment","sha":"fb95a908d45fc49bd061918b1d0267ac529c01b1","repoName":"marcojm0690/Library","actor":"marcojm0690","slotName":"production"}</message>
  <progress />
  <status>Success</status>
  <statusText />
  <lastSuccessEndTime>2026-01-25T02:47:53.1057444Z</lastSuccessEndTime>
  <receivedTime>2026-01-25T02:47:53.1057444Z</receivedTime>
  <startTime>2026-01-25T02:47:53.1057444Z</startTime>
  <endTime>2026-01-25T02:47:53.1057444Z</endTime>
  <complete>True</complete>
  <is_temp>False</is_temp>
  <is_readonly>True</is_readonly>
  <buildSummary />
</deployment>