﻿<?xml version="1.0" encoding="utf-8"?>
<deployment>
  <id>59fd28e8de8a3e2eae34267fe00dd50b0f690e1e1769309751759</id>
  <author>marcojm0690</author>
  <deployer>GitHub</deployer>
  <authorEmail />
  <message>{"type":"Deployment","sha":"59fd28e8de8a3e2eae34267fe00dd50b0f690e1e","repoName":"marcojm0690/Library","actor":"marcojm0690","slotName":"production"}</message>
  <progress />
  <status>Success</status>
  <statusText />
  <lastSuccessEndTime>2026-01-25T02:56:32.9982426Z</lastSuccessEndTime>
  <receivedTime>2026-01-25T02:56:32.9982426Z</receivedTime>
  <startTime>2026-01-25T02:56:32.9982426Z</startTime>
  <endTime>2026-01-25T02:56:32.9982426Z</endTime>
  <complete>True</complete>
  <is_temp>False</is_temp>
  <is_readonly>True</is_readonly>
  <buildSummary />
</deployment>