﻿<?xml version="1.0" encoding="utf-8"?>
<deployment>
  <id>6534ee3c012c725e22bc158bcb713f605fd5868d1769310445778</id>
  <author>marcojm0690</author>
  <deployer>GitHub</deployer>
  <authorEmail />
  <message>{"type":"Deployment","sha":"6534ee3c012c725e22bc158bcb713f605fd5868d","repoName":"marcojm0690/Library","actor":"marcojm0690","slotName":"production"}</message>
  <progress />
  <status>Success</status>
  <statusText />
  <lastSuccessEndTime>2026-01-25T03:07:49.9006631Z</lastSuccessEndTime>
  <receivedTime>2026-01-25T03:07:49.9006631Z</receivedTime>
  <startTime>2026-01-25T03:07:49.9006631Z</startTime>
  <endTime>2026-01-25T03:07:49.9006631Z</endTime>
  <complete>True</complete>
  <is_temp>False</is_temp>
  <is_readonly>True</is_readonly>
  <buildSummary />
</deployment>