﻿<?xml version="1.0" encoding="utf-8"?>
<deployment>
  <id>62292306aa7b4bdb834e084f34596b632f5383c81769288760581</id>
  <author>marcojm0690</author>
  <deployer>GitHub</deployer>
  <authorEmail />
  <message>{"type":"Deployment","sha":"62292306aa7b4bdb834e084f34596b632f5383c8","repoName":"marcojm0690/Library","actor":"marcojm0690","slotName":"production"}</message>
  <progress />
  <status>Success</status>
  <statusText />
  <lastSuccessEndTime>2026-01-24T21:06:48.5120093Z</lastSuccessEndTime>
  <receivedTime>2026-01-24T21:06:48.5120093Z</receivedTime>
  <startTime>2026-01-24T21:06:48.5120093Z</startTime>
  <endTime>2026-01-24T21:06:48.5120093Z</endTime>
  <complete>True</complete>
  <is_temp>False</is_temp>
  <is_readonly>True</is_readonly>
  <buildSummary />
</deployment>