﻿<?xml version="1.0" encoding="utf-8"?>
<deployment>
  <id>654a8bd8eb1e8f56bc7009327dd9bc6470de71051769294026078</id>
  <author>marcojm0690</author>
  <deployer>GitHub</deployer>
  <authorEmail />
  <message>{"type":"Deployment","sha":"654a8bd8eb1e8f56bc7009327dd9bc6470de7105","repoName":"marcojm0690/Library","actor":"marcojm0690","slotName":"production"}</message>
  <progress />
  <status>Success</status>
  <statusText />
  <lastSuccessEndTime>2026-01-24T22:35:09.4904088Z</lastSuccessEndTime>
  <receivedTime>2026-01-24T22:35:09.4904088Z</receivedTime>
  <startTime>2026-01-24T22:35:09.4904088Z</startTime>
  <endTime>2026-01-24T22:35:09.4904088Z</endTime>
  <complete>True</complete>
  <is_temp>False</is_temp>
  <is_readonly>True</is_readonly>
  <buildSummary />
</deployment>